聚合日期,settlement id,quantity,order postal,product sales,product sales tax,shipping credits,shipping credits tax,gift wrap credits,giftwrap credits tax,Regulatory Fee,Tax On Regulatory Fee,promotional rebates,promotional rebates tax,marketplace withheld tax,selling fees,fba fees,other transaction fees,other,total
2025-01-01,22520752331,1.0,64068.0,11.99,1.05,0.0,0.0,0,0,0,0,0.0,0,-1.05,-1.8,-3.53,0.0,0.0,6.66
2025-01-02,22520752331,0.0,0.0,0.0,0.0,0.0,0.0,0,0,0,0,0.0,0,0.0,0.0,0.0,-155.59,0.0,-155.59
2025-01-03,90083009324,5.0,189370.0,19.990000000000002,1.1199999999999999,0.0,0.0,0,0,0,0,0.85,0,-1.1199999999999999,-3.9699999999999998,-12.17,0.0,0.0,4.700000000000001
2025-01-04,45041504662,2.0,103620.0,24.98,1.79,0.26,0.0,0,0,0,0,-0.26,0,-1.79,-3.75,-6.97,0.0,0.0,14.26
2025-01-05,22520752331,1.0,60302.0,11.99,1.2,0.0,0.0,0,0,0,0,0.0,0,-1.2,-1.8,-3.53,0.0,0.0,6.66
2025-01-06,45164208042,0.0,0.0,0.0,0.0,0.0,0.0,0,0,0,0,0.0,0,0.0,0.0,0.0,0.0,3.5500000000000007,3.5500000000000007
2025-01-07,22643455711,1.0,49837.0,11.99,0.72,0.0,0.0,0,0,0,0,0.0,0,-0.72,-1.8,-3.53,0.0,0.0,6.66
2025-01-08,90573822844,4.0,144335.0,48.96,3.23,0.27,0.0,0,0,0,0,-0.27,0,-3.23,-7.35,-14.03,0.0,-15.7,11.88
2025-01-09,22643455711,2.0,65611.0,25.98,1.68,2.78,0.0,0,0,0,0,-2.78,0,-1.68,-3.9,-6.88,0.0,0.0,15.2
2025-01-11,22643455711,1.0,84105.0,11.99,0.99,0.52,0.0,0,0,0,0,-0.52,0,-0.99,-1.8,-3.53,0.0,0.0,6.66
2025-01-13,22643455711,1.0,11226.0,12.99,1.1,0.0,0.0,0,0,0,0,-0.65,0,-1.1,-1.85,-3.44,0.0,0.0,7.05
2025-01-14,22643455711,1.0,34983.0,16.99,1.13,0.0,0.0,0,0,0,0,-0.85,0,-1.13,-2.42,-4.43,0.0,0.0,9.29
2025-01-15,22643455711,1.0,33126.0,16.99,1.19,0.0,0.0,0,0,0,0,0.0,0,-1.19,-2.55,-4.15,0.0,0.0,10.29
2025-01-16,22643455711,1.0,0.0,0.0,0.0,0.0,0.0,0,0,0,0,0.0,0,0.0,0.0,0.0,-0.6,0.0,-0.6
2025-01-18,22643455711,1.0,0.0,0.0,0.0,0.0,0.0,0,0,0,0,0.0,0,0.0,0.0,0.0,-0.6,0.0,-0.6
2025-01-19,22643455711,1.0,43082.0,12.99,0.91,0.0,0.0,0,0,0,0,0.0,0,-0.91,-1.95,-3.65,0.0,0.0,7.39
2025-01-20,45382140472,2.0,140880.0,22.08,1.9900000000000002,0.0,0.0,0,0,0,0,-0.45,0,-1.9900000000000002,-3.25,-6.12,0.0,0.0,12.26
2025-01-21,22738684761,1.0,71105.0,9.09,0.72,0.0,0.0,0,0,0,0,-0.45,0,-0.72,-1.3,-2.47,0.0,0.0,4.87
2025-01-22,45477369522,1.0,95826.0,14.99,1.16,0.0,0.0,0,0,0,0,0.0,0,-1.16,-2.25,-4.15,0.0,-39.2,-30.610000000000003
2025-01-23,45477369522,2.0,76796.0,22.08,1.3900000000000001,0.0,0.0,0,0,0,0,0.0,0,-1.3900000000000001,-3.31,-6.12,0.0,0.0,12.649999999999999
2025-01-24,68216054283,3.0,123967.0,0.0,0.14,0.0,0.0,0,0,0,0,0.6,0,-0.14,-0.42999999999999994,-3.33,-0.6,0.0,-3.759999999999999
2025-01-25,68216054283,3.0,188613.0,29.98,2.13,3.05,0.0,0,0,0,0,-3.05,0,-2.13,-4.5,-8.3,-0.6,0.0,16.58
2025-01-26,22738684761,1.0,45106.0,12.99,0.83,0.0,0.0,0,0,0,0,-0.65,0,-0.83,-1.85,-3.65,0.0,0.0,6.84
2025-01-27,22738684761,1.0,43160.0,9.09,0.63,0.0,0.0,0,0,0,0,-0.45,0,-0.63,-1.3,-2.47,0.0,0.0,4.87
2025-01-29,45477369522,2.0,98053.0,9.09,0.76,0.0,0.0,0,0,0,0,-0.45,0,-0.76,-1.3,-2.47,-0.6,0.0,4.2700000000000005
2025-01-30,45477369522,2.0,45106.0,-12.99,-0.83,0.0,0.0,0,0,0,0,0.65,0,0.83,1.48,0.0,-0.6,0.0,-11.459999999999999
2025-01-31,22738684761,1.0,2131.0,11.99,0.71,0.0,0.0,0,0,0,0,-0.6,0,-0.71,-1.71,-3.33,0.0,0.0,6.35
2025-02-01,22738684761,1.0,0.0,0.0,0.0,0.0,0.0,0,0,0,0,0.0,0,0.0,0.0,0.0,-0.6,0.0,-0.6
2025-02-02,22738684761,0.0,0.0,0.0,0.0,0.0,0.0,0,0,0,0,0.0,0,0.0,0.0,0.0,-115.57,0.0,-115.57
2025-02-03,113794904945,5.0,150957.0,72.95,4.82,0.0,0.0,0,0,0,0,-1.25,0,-4.82,-10.76,-17.52,0.0,0.0,43.42
2025-02-04,68520497703,3.0,49025.0,31.98,2.56,0.0,0.0,0,0,0,0,0.0,0,-2.56,-4.8,-7.3,-0.6,0.0,19.28
2025-02-06,45680331802,1.0,0.0,0.0,0.0,0.0,0.0,0,0,0,0,0.0,0,0.0,0.0,0.0,-0.6,-18.57,-19.17
2025-02-07,68520497703,2.0,46808.0,11.99,0.8,0.0,0.0,0,0,0,0,-0.6,0,-0.8,-1.71,-3.33,-0.6,-13.16,-7.41
2025-02-09,45680331802,3.0,51125.0,43.97,3.12,0.0,0.0,0,0,0,0,-2.2,0,-3.12,-6.27,-10.629999999999999,0.0,0.0,24.869999999999997
2025-02-11,45680331802,2.0,80603.0,11.99,0.83,0.0,0.0,0,0,0,0,0.0,0,-0.83,-1.8,-3.33,-0.6,0.0,6.260000000000001
2025-02-12,22840165901,1.0,85730.0,11.99,1.04,0.0,0.0,0,0,0,0,0.0,0,-1.04,-1.8,-3.33,0.0,0.0,6.86
2025-02-13,22840165901,2.0,0.0,0.0,0.0,0.0,0.0,0,0,0,0,0.0,0,0.0,0.0,0.0,-1.2,0.0,-1.2
2025-02-15,22840165901,1.0,28562.0,11.99,0.81,0.0,0.0,0,0,0,0,0.0,0,-0.81,-1.8,-3.33,0.0,0.0,6.86
2025-02-16,22840165901,1.0,56308.0,36.99,2.73,0.0,0.0,0,0,0,0,0.0,0,-2.73,-5.55,-6.21,0.0,0.0,25.23
2025-02-17,45680331802,2.0,73283.0,23.98,1.52,0.0,0.0,0,0,0,0,-0.6,0,-1.52,-3.51,-6.66,0.0,0.0,13.21
2025-02-19,109590378115,5.0,335819.0,55.510000000000005,1.11,0.0,0.0,0,0,0,0,-0.6,0,-1.11,-8.23,-16.65,0.0,-20.58,9.450000000000003
2025-02-20,22946980061,1.0,35769.0,11.99,0.96,0.0,0.0,0,0,0,0,0.0,0,-0.96,-1.8,-3.33,0.0,0.0,6.86
2025-02-21,91787920244,4.0,221252.0,24.98,2.06,0.0,0.0,0,0,0,0,-0.65,0,-2.06,-3.6500000000000004,-18.02,-0.6,0.0,2.060000000000001
2025-02-22,22946980061,1.0,0.0,0.0,0.0,0.0,0.0,0,0,0,0,0.0,0,0.0,0.0,0.0,-0.6,0.0,-0.6
2025-02-23,44278318892,1.0,10013.0,16.99,1.43,0.0,0.0,0,0,0,0,-0.85,0,-1.43,-2.42,-4.15,0.0,-23.68,-14.11
2025-02-24,68840940183,3.0,162725.0,31.98,2.33,0.99,0.0,0,0,0,0,-2.59,0,-2.33,-4.56,-7.3,-0.6,0.0,17.919999999999998
2025-02-25,68840940183,3.0,51571.0,11.99,0.96,0.0,0.0,0,0,0,0,0.0,0,-0.96,-1.8,-14.78,0.0,6.86,2.2700000000000014
2025-02-26,114734900305,5.0,172507.0,10.99,0.91,0.02,0.0,0,0,0,0,-0.02,0,-0.91,-1.65,-49.019999999999996,0.0,0.0,-39.68
2025-02-27,114734900305,7.0,199637.0,53.96,3.75,0.0,0.0,0,0,0,0,-0.8,0,-3.75,-7.9799999999999995,-13.46,-1.8,0.0,29.92
2025-02-28,45893960122,11.0,11724.0,12.99,1.12,0.0,0.0,0,0,0,0,0.0,0,-1.12,-1.95,-3.64,0.0,0.0,7.3999999999999995
2025-03-01,22946980061,1.0,43062.0,0.0,0.0,0.0,0.0,0,0,0,0,0.0,0,0.0,0.0,-11.45,0.0,0.0,-11.45
2025-03-02,91787920244,3.0,146769.0,12.99,0.99,0.0,0.0,0,0,0,0,-0.65,0,-0.99,-1.85,-26.14,-149.33,0.0,-164.98
2025-03-03,206757736649,9.0,291467.0,53.96,3.66,0.0,0.0,0,0,0,0,-1.85,0,-3.66,-7.82,-59.849999999999994,-0.6,80.23,64.07000000000001
2025-03-04,69193314333,3.0,158117.0,-12.99,-1.12,0.0,0.0,0,0,0,0,0.0,0,1.12,1.56,-22.9,0.0,0.0,-34.33
2025-03-05,69193314333,3.0,128337.0,11.99,0.72,6.99,0.0,0,0,0,0,-6.99,0,-0.72,-1.8,-14.78,-0.6,0.0,-5.189999999999999
2025-03-06,69193314333,2.0,64728.0,0.0,0.0,0.0,0.0,0,0,0,0,0.0,0,0.0,0.0,-22.9,0.0,-18.6,-41.5
2025-03-07,184515504888,8.0,254418.0,12.99,0.71,1.33,0.0,0,0,0,0,-1.33,0,-0.71,-1.95,-60.489999999999995,-1.2,-86.95,-137.6
2025-03-08,23064438111,1.0,44060.0,15.99,1.12,0.0,0.0,0,0,0,0,0.0,0,-1.12,-2.4,-3.65,0.0,0.0,9.94
2025-03-09,92257752444,4.0,168427.0,26.41,1.6800000000000002,0.0,0.0,0,0,0,0,-0.65,0,-1.6800000000000002,-3.6500000000000004,-18.02,-0.51,0.0,3.580000000000001
2025-03-10,115322190555,4.0,247126.0,11.99,0.98,0.0,0.0,0,0,0,0,-0.6,0,-0.98,-1.71,-37.68,0.0,-117.6,-145.6
2025-03-11,46128876222,2.0,34055.0,16.99,1.08,0.0,0.0,0,0,0,0,0.0,0,-1.08,-2.55,-15.6,0.0,0.0,-1.1600000000000001
2025-03-12,69193314333,3.0,129232.0,29.979999999999997,1.19,0.0,0.0,0,0,0,0,-0.65,0,-1.19,-4.4,-7.390000000000001,-0.6,0.0,16.939999999999998
2025-03-13,92257752444,4.0,187380.0,55.96,4.380000000000001,0.02,0.0,0,0,0,0,-0.65,0,-4.380000000000001,-8.3,-13.89,0.0,0.0,33.14
2025-03-14,69193314333,3.0,168343.0,10.99,0.96,0.0,0.0,0,0,0,0,0.0,0,-0.96,-1.65,-14.78,-0.6,0.0,-6.039999999999999
2025-03-15,23064438111,1.0,0.0,0.0,0.0,0.0,0.0,0,0,0,0,0.0,0,0.0,0.0,0.0,0.0,-10.2,-10.2
2025-03-16,161451066777,7.0,337005.0,69.95,5.09,0.97,0.0,0,0,0,0,-4.49,0,-5.09,-9.969999999999999,-17.68,-0.6,0.0,38.18
2025-03-17,138486461506,5.0,178562.0,24.6,1.6800000000000002,0.0,0.0,0,0,0,0,-1.2,0,-1.6800000000000002,-3.42,-29.56,-0.34,282.51,272.59
2025-03-18,115821354755,4.0,275866.0,95.96,5.6899999999999995,0.0,0.0,0,0,0,0,-21.55,0,-5.6899999999999995,-11.16,-18.97,0.0,-73.01,-28.73
2025-03-19,92657083804,7.0,146532.0,23.98,1.44,0.0,0.0,0,0,0,0,0.0,0,-1.44,-3.6,-18.11,-2.4,0.0,-0.129999999999999
2025-03-20,46328541902,4.0,29322.0,16.99,1.19,0.0,0.0,0,0,0,0,0.0,0,-1.19,-2.55,-4.15,-1.8,0.0,8.489999999999998
2025-03-21,69492812853,5.0,97041.0,15.99,0.0,0.0,0.0,0,0,0,0,0.0,0,0.0,-2.4,-3.65,-2.4,0.0,7.539999999999999
2025-03-22,138985625706,6.0,304242.0,48.96,3.5700000000000003,3.87,0.32,0,0,0,0,-0.8,0,-3.89,-7.2299999999999995,-28.96,-0.6,0.0,15.24
2025-03-23,92657083804,4.0,255216.0,48.96,3.86,5.16,0.06,0,0,0,0,-2.7800000000000002,0,-3.92,-7.2299999999999995,-16.82,0.0,0.0,27.29
2025-03-24,46328541902,2.0,96103.0,0.0,0.0,0.0,0.0,0,0,0,0,0.0,0,0.0,0.0,-22.9,0.0,0.0,-22.9
2025-03-25,69492812853,3.0,40824.0,112.97999999999999,3.0,0.0,0.0,0,0,0,0,-50.65,0,-3.0,-9.35,-27.07,0.0,0.0,25.91
2025-03-26,92657083804,4.0,229001.0,138.95999999999998,5.84,3.56,0.12,0,0,0,0,-51.269999999999996,0,-5.96,-13.23,-25.78,0.0,0.0,52.239999999999995
2025-03-27,46328541902,3.0,92115.0,11.99,0.88,0.0,0.0,0,0,0,0,-0.6,0,-0.88,-1.71,-3.33,-1.2,0.0,5.1499999999999995
2025-03-28,115821354755,5.0,121685.0,47.97,3.09,0.0,0.0,0,0,0,0,-2.4000000000000004,0,-3.09,-6.84,-10.95,-1.2,0.0,26.58
2025-03-29,185314167608,8.0,269120.0,58.96,4.34,1.49,0.0,0,0,0,0,-2.94,0,-4.34,-8.629999999999999,-48.629999999999995,-0.6,0.0,-0.34999999999999787
2025-03-30,138985625706,6.0,213370.0,124.97,6.140000000000001,0.0,0.0,0,0,0,0,-50.65,0,-6.140000000000001,-11.15,-41.85,-0.6,0.0,20.72
2025-03-31,69492812853,3.0,25307.0,15.99,0.88,0.0,0.0,0,0,0,0,0.0,0,-0.88,-2.4,-15.1,-0.6,0.0,-2.1099999999999994
2025-04-01,93071572004,7.0,221696.0,107.97999999999999,5.49,0.0,0.0,0,0,0,0,-48.15,0,-5.49,-8.969999999999999,-27.07,-2.4,0.0,21.39
2025-04-02,116339465005,5.0,110163.0,14.99,1.06,2.66,0.0,0,0,0,0,-2.0100000000000002,0,-1.06,-2.7199999999999998,-6.98,-440.77,0.0,-434.83
2025-04-03,69803679003,3.0,52763.0,111.97999999999999,4.18,0.0,0.0,0,0,0,0,-50.6,0,-4.18,-9.21,-15.71,-0.6,0.0,35.86
2025-04-04,69803679003,3.0,191283.0,11.99,0.0,0.0,0.0,0,0,0,0,-0.6,0,0.0,-1.71,-14.78,-0.6,0.0,-5.699999999999999
2025-04-05,23267893001,1.0,0.0,0.0,0.0,0.0,0.0,0,0,0,0,0.0,0,0.0,0.0,0.0,-0.6,0.0,-0.6
2025-04-06,69803679003,2.0,23063.0,0.35,0.0,0.0,0.0,0,0,0,0,0.0,0,0.0,0.0,-11.34,-0.3,-18.51,-29.8
2025-04-07,139607358006,6.0,254135.0,144.95999999999998,9.15,0.29,0.0,0,0,0,0,-34.29,0,-9.15,-16.65,-22.92,-1.2,-199.89,-129.7
2025-04-08,69803679003,3.0,11745.0,23.98,1.72,0.0,0.0,0,0,0,0,-1.2,0,-1.72,-3.42,-6.66,-0.6,0.0,12.1
2025-04-09,69803679003,3.0,180639.0,35.97,2.3899999999999997,0.99,0.0,0,0,0,0,-2.19,0,-2.3899999999999997,-5.22,-9.99,0.0,0.0,19.56
2025-04-10,162875251007,7.0,276880.0,76.95,5.62,0.0,0.0,0,0,0,0,-9.600000000000001,0,-5.62,-10.11,-17.84,-1.2,0.0,38.199999999999996
2025-04-11,93071572004,4.0,136925.0,111.97999999999999,9.94,0.0,0.0,0,0,0,0,-0.6,0,-9.94,-16.71,-15.71,-1.2,0.0,77.76
2025-04-12,23267893001,3.0,0.0,0.0,0.0,0.0,0.0,0,0,0,0,0.0,0,0.0,0.0,0.0,-1.8,0.0,-1.8
2025-04-13,139607358006,5.0,124588.0,59.96,4.31,0.0,0.0,0,0,0,0,-3.8000000000000003,0,-4.31,-8.43,-14.28,-0.6,-54.0,-21.150000000000002
2025-04-14,302592044153,13.0,615391.0,138.9,8.59,0.02,0.0,0,0,0,0,-8.8,0,-8.59,-19.53,-34.92,-1.8,209.9,283.77
2025-04-15,46754656282,2.0,158945.0,23.98,1.96,0.0,0.0,0,0,0,0,-0.6,0,-1.96,-3.51,-6.66,0.0,0.0,13.21
2025-04-16,93509312564,4.0,172415.0,28.979999999999997,2.25,6.99,0.65,0,0,0,0,-3.4,0,-2.9,-3.84,-14.47,-1.2,0.0,13.06
2025-04-17,163641296987,8.0,288972.0,155.95,7.57,0.0,0.0,0,0,0,0,-33.8,0,-7.57,-18.33,-26.34,-1.7999999999999998,0.0,75.67999999999999
2025-04-18,163641296987,6.0,223622.0,53.96,4.8,0.0,0.0,0,0,0,0,-0.65,0,-4.8,-8.0,-13.46,-351.43,0.0,-319.58000000000004
2025-04-19,187018625128,8.0,255697.0,35.980000000000004,3.2699999999999996,0.0,0.0,0,0,0,0,0.6,0,-3.2699999999999996,-6.17,-14.28,-1.2,0.0,14.93
2025-04-20,93509312564,5.0,89174.0,15.99,0.88,0.0,0.0,0,0,0,0,-3.2,0,-0.88,-1.92,-15.1,-1.7999999999999998,0.0,-6.029999999999999
2025-04-21,70131984423,3.0,84283.0,28.98,1.6099999999999999,0.16,0.0,0,0,0,0,-3.3600000000000003,0,-1.6099999999999999,-3.87,-6.890000000000001,-0.6,0.0,14.42
2025-04-22,116886640705,6.0,174772.0,55.96,2.91,0.0,0.0,0,0,0,0,-7.0,0,-2.91,-7.35,-13.96,-1.2,0.0,26.45
2025-04-23,140263968846,9.0,235562.0,123.92,8.93,0.0,0.0,0,0,0,0,-3.2,0,-8.93,-18.119999999999997,-28.88,-0.6,-1.37,71.75
2025-04-24,163641296987,7.0,376186.0,151.95999999999998,8.64,1.2,0.0,0,0,0,0,-40.2,0,-8.64,-17.29,-26.98,-0.6,0.0,68.09
2025-04-25,116886640705,5.0,161446.0,40.97,3.12,0.0,0.0,0,0,0,0,0.0,0,-3.12,-6.15,-10.22,-1.2,0.0,23.400000000000002
2025-04-26,23377328141,1.0,37055.0,48.99,2.87,0.0,0.0,0,0,0,0,-19.6,0,-2.87,-4.41,-6.16,0.0,0.0,18.82
2025-04-27,93509312564,8.0,252730.0,34.97,3.08,0.57,0.0,0,0,0,0,-0.57,0,-3.08,-5.25,-9.99,-3.0,0.0,16.73
2025-04-28,140370562456,6.0,223173.0,33.98,2.32,0.66,0.05,0,0,0,0,-0.19999999999999973,0,-2.3699999999999997,-5.449999999999999,-24.06,-0.6,0.0,4.33
2025-04-29,23483921751,1.0,0.0,0.0,0.0,0.0,0.0,0,0,0,0,0.0,0,0.0,0.0,0.0,-0.6,0.0,-0.6
2025-04-30,70451765253,3.0,175224.0,31.98,2.52,0.0,0.0,0,0,0,0,-3.0,0,-2.52,-4.35,-19.14,0.0,0.0,5.489999999999998
2025-05-02,164387452257,5.0,174046.0,91.96000000000001,4.640000000000001,1.22,0.0,0,0,0,0,-24.02,0,-4.640000000000001,-10.38,-16.79,-216.73999999999998,-0.49,-175.23999999999998
2025-05-03,70451765253,3.0,185127.0,31.979999999999997,2.4,0.43,0.03,0,0,0,0,-3.4,0,-2.4299999999999997,-4.29,-8.23,-0.6,0.0,15.89
2025-05-04,164387452257,8.0,448581.0,186.93,10.149999999999999,6.99,0.0,0,0,0,0,-13.39,0,-10.149999999999999,-27.09,-45.09,0.0,0.0,108.35
2025-05-05,93935687004,5.0,84802.0,-32.00000000000001,-0.9400000000000001,0.0,0.0,0,0,0,0,16.200000000000003,0,0.9400000000000001,1.4899999999999998,-20.07,-0.6,0.0,-34.98
2025-05-06,46967843502,1.0,0.0,0.0,0.0,0.0,0.0,0,0,0,0,0.0,0,0.0,0.0,0.0,-0.6,-18.16,-18.76
2025-05-07,93935687004,3.0,133967.0,32.98,2.34,0.0,0.0,0,0,0,0,-3.2,0,-2.34,-4.47,-7.800000000000001,-0.6,-192.94,-176.03
2025-05-08,93935687004,5.0,166841.0,81.97,4.92,0.0,0.0,0,0,0,0,-19.6,0,-4.92,-9.36,-13.96,-1.2,0.0,37.85
2025-05-09,93935687004,6.0,147044.0,116.95,6.7700000000000005,0.0,0.0,0,0,0,0,-20.0,0,-6.7700000000000005,-14.55,-22.259999999999998,-0.6,0.0,59.54
2025-05-10,46967843502,2.0,33165.0,49.99,2.1,0.0,0.0,0,0,0,0,-20.0,0,-2.1,-4.5,-6.16,-0.6,0.0,18.729999999999997
2025-05-11,70451765253,3.0,216697.0,42.97,3.09,0.01,0.0,0,0,0,0,-1.61,0,-3.09,-6.21,-10.629999999999999,0.0,0.0,24.53
2025-05-12,164605550757,6.0,405206.0,105.95,7.1899999999999995,2.71,0.11,0,0,0,0,-22.82,0,-7.3,-12.66,-22.11,-0.6,58.08,108.55
2025-05-13,188743768008,10.0,315425.0,58.96,2.0300000000000002,8.26,-0.11,0,0,0,0,-10.95,0,-1.9200000000000002,-8.67,-28.71,-1.7999999999999998,0.0,17.09
2025-05-14,23592971001,1.0,46307.0,11.99,0.84,0.0,0.0,0,0,0,0,0.0,0,-0.84,-1.8,-3.33,0.0,0.0,6.86
2025-05-15,70778913003,3.0,0.0,0.69,0.0,0.0,0.0,0,0,0,0,0.0,0,0.0,0.0,0.0,-0.95,31.64,31.38
2025-05-16,94371884004,6.0,182636.0,78.67,3.9,0.11,0.0,0,0,0,0,-22.57,0,-3.9,-8.41,-13.57,-1.7999999999999998,0.0,32.43
2025-05-18,47185942002,2.0,68606.0,28.979999999999997,0.92,0.0,0.0,0,0,0,0,-2.9,0,-0.92,-3.91,-7.48,0.0,0.0,14.69
2025-05-19,70778913003,3.0,106876.0,27.98,2.23,0.0,0.0,0,0,0,0,-2.8,0,-2.23,-3.7800000000000002,-6.98,-0.6,0.0,13.82
2025-05-20,47185942002,2.0,70890.0,27.98,1.79,0.0,0.0,0,0,0,0,-2.8,0,-1.79,-3.7800000000000002,-6.98,0.0,0.0,14.42
2025-05-21,47185942002,1.0,0.0,0.0,0.0,0.0,0.0,0,0,0,0,0.0,0,0.0,0.0,0.0,-0.6,-2.75,-3.35
2025-05-22,141661628206,10.0,212850.0,188.93,6.9799999999999995,0.0,0.0,0,0,0,0,-7.6,0,-6.9799999999999995,-27.19,-35.019999999999996,-1.8,0.0,117.32000000000001
2025-05-23,23696773201,1.0,0.0,0.0,0.0,0.0,0.0,0,0,0,0,0.0,0,0.0,0.0,0.0,-0.6,0.0,-0.6
2025-05-24,47393546402,2.0,75115.0,48.99,2.42,0.0,0.0,0,0,0,0,-19.6,0,-2.42,-4.41,-6.16,-0.6,0.0,18.22
2025-05-25,189574185608,10.0,564652.0,59.95,4.35,0.04,0.0,0,0,0,0,-0.6400000000000003,0,-4.35,-9.32,-20.12,-1.8,0.0,28.11
2025-05-26,142180639206,5.0,263770.0,102.95,8.0,2.1,0.0,0,0,0,0,-1.6,0,-8.0,-15.21,-23.02,0.0,-39.56,25.659999999999997
2025-05-27,94787092804,4.0,97865.0,47.97,2.91,0.0,0.0,0,0,0,0,-3.2,0,-2.91,-6.71,-11.45,-0.6,0.0,26.009999999999998
2025-05-28,234602297640,10.0,435044.0,96.13000000000001,2.34,1.88,0.0,0,0,0,0,-5.98,0,-2.34,-14.83,-27.42,-1.08,0.0,48.7
2025-05-29,71090319603,3.0,171273.0,15.99,1.4,0.0,0.0,0,0,0,0,0.0,0,-1.4,-2.4,-14.99,-0.6,0.0,-2.0
2025-05-30,165877412407,8.0,267043.0,87.97,2.23,0.0,0.0,0,0,0,0,-20.8,0,-2.23,-10.51,-19.19,-502.05,0.0,-464.58
2025-05-31,142180639206,8.0,219782.0,51.99,1.53,0.0,0.0,0,0,0,0,-19.900000000000002,0,-1.53,-5.65,-13.46,-1.8,0.0,11.18
2025-06-01,94787092804,6.0,103901.0,80.94999999999999,5.48,0.99,0.0,0,0,0,0,-9.09,0,-5.48,-10.93,-18.75,-0.6,0.0,42.57
2025-06-02,165272012397,5.0,84436.0,-39.00999999999999,2.82,0.0,0.0,0,0,0,0,-20.8,0,-2.82,5.97,-9.49,-85.25,-9.44,-158.01999999999998
2025-06-03,165877412407,8.0,316847.0,64.96,4.36,0.0,0.0,0,0,0,0,-4.8,0,-4.36,-9.38,-30.38,-0.6,0.0,19.8
2025-06-04,94787092804,6.0,68164.0,16.99,1.27,6.57,0.0,0,0,0,0,0.0,0,-1.27,-2.55,-22.17,-2.4,0.0,-3.56
2025-06-05,142258052976,6.0,114995.0,0.0,0.0,-6.57,0.0,0,0,0,0,0.0,0,0.0,0.0,-16.22,-1.8,179.86,155.27
2025-06-06,189510681988,8.0,344295.0,96.94,6.38,0.0,0.0,0,0,0,0,-6.2,0,-6.38,-13.62,-22.9,-1.2,-18.0,35.019999999999996
2025-06-07,47548373942,1.0,0.0,0.0,0.0,0.0,0.0,0,0,0,0,0.0,0,0.0,0.0,0.0,-0.6,-159.43,-160.03
2025-06-08,118870934855,5.0,249891.0,113.95,6.890000000000001,0.0,0.0,0,0,0,0,-24.500000000000004,0,-6.890000000000001,-13.42,-21.26,0.0,0.0,54.769999999999996
2025-06-09,142645121826,7.0,301571.0,19.98,0.8700000000000001,0.02,0.0,0,0,0,0,-2.5,0,-0.8700000000000001,-3.1,-9.92,-1.2,-7.25,-3.9700000000000006
2025-06-10,71322560913,3.0,105690.0,62.45,3.34,0.0,0.0,0,0,0,0,-19.6,0,-3.34,-6.21,-9.49,-0.52,0.0,26.63
2025-06-11,71322560913,4.0,60535.0,28.979999999999997,2.08,0.0,0.0,0,0,0,0,0.0,0,-2.08,-4.35,-7.48,-1.2,0.0,15.95
2025-06-12,95096747884,6.0,187516.0,107.96,7.710000000000001,6.99,0.48,0,0,0,0,0.0,0,-8.19,-16.2,-28.799999999999997,-1.2,0.0,68.75
2025-06-13,95096747884,4.0,119300.0,39.97,2.4299999999999997,0.0,0.0,0,0,0,0,0.0,0,-2.4299999999999997,-6.0,-10.31,-0.6,0.0,23.060000000000002
2025-06-14,23774186971,1.0,23518.0,31.99,0.0,0.0,0.0,0,0,0,0,0.0,0,0.0,-4.8,-6.16,0.0,0.0,21.03
2025-06-15,95152129154,3.0,55991.0,130.37,7.91,0.0,0.0,0,0,0,0,-5.0,0,-7.91,-18.81,-20.06,0.0,-6.54,79.96000000000001
2025-06-16,118870934855,9.0,170611.0,137.68,8.34,5.53,0.0,0,0,0,0,-5.53,0,-8.34,-21.08,-36.93,0.0,0.0,79.67
2025-06-17,23774186971,1.0,85338.0,31.99,2.67,0.0,0.0,0,0,0,0,-1.6,0,-2.67,-4.56,-6.16,0.0,0.0,19.67
2025-06-18,213967682739,7.0,465705.0,219.03,16.97,0.0,0.0,0,0,0,0,-6.6,0,-16.97,-31.869999999999997,-38.86,-503.84,-55.6,-417.74
2025-06-19,190394960868,8.0,339844.0,274.03,13.51,8.04,1.05,0,0,0,0,-13.83,0,-14.559999999999999,-39.61,-48.07,-0.6,45.25,225.21
2025-06-20,47749839042,0.0,0.0,0.0,0.0,0.0,0.0,0,0,0,0,0.0,0,0.0,-1.47,0.0,0.0,-3.1,-4.57
2025-06-21,143249517126,4.0,129443.0,40.82,3.27,0.0,0.0,0,0,0,0,0.0,0,-3.27,-6.12,-10.63,-0.6,-101.4,-77.93
2025-06-22,167124436647,6.0,284218.0,70.25,5.67,0.0,0.0,0,0,0,0,0.0,0,-5.67,-10.54,-18.61,-0.6,-10.1,30.4
2025-06-23,95499678084,5.0,257942.0,73.75999999999999,5.58,0.0,0.0,0,0,0,0,0.0,0,-5.58,-11.07,-16.79,-0.6,0.0,45.3
2025-06-24,262578763451,8.0,349628.0,132.13,8.32,0.0,0.0,0,0,0,0,0.0,0,-8.32,-34.83,-29.93,0.0,6.04,73.41
2025-06-25,71624758563,3.0,155393.0,37.57,2.73,0.03,0.0,0,0,0,0,0.0,0,-2.73,-5.64,-10.34,0.0,0.0,21.619999999999997
2025-06-26,95499678084,4.0,137034.0,75.71,5.92,1.12,0.0,0,0,0,0,-1.12,0,-5.92,-11.36,-16.7,0.0,0.0,47.65
2025-06-28,119430822015,5.0,361597.0,-45.08,3.8600000000000003,1.0,0.0,0,0,0,0,2.81,0,-3.8600000000000003,3.3400000000000007,-13.870000000000001,0.0,0.0,-51.800000000000004
2025-06-29,143410845496,6.0,222075.0,155.49,9.459999999999999,0.0,0.0,0,0,0,0,-9.600000000000001,0,-9.459999999999999,-21.89,-32.120000000000005,0.0,-9.09,82.79
2025-06-30,47911167412,1.0,78550.0,11.39,0.89,1.14,0.0,0,0,0,0,-1.71,0,-0.89,-1.62,-3.33,0.0,-9.94,-4.069999999999999
2025-07-01,71624758563,3.0,172638.0,55.72,4.529999999999999,0.0,0.0,0,0,0,0,-2.17,0,-4.529999999999999,-8.03,-12.73,0.0,0.0,32.790000000000006
2025-07-02,71624758563,2.0,60222.0,141.98000000000002,7.8,0.0,0.0,0,0,0,0,0.0,0,-7.8,-21.3,-16.0,-350.13,0.0,-245.45
2025-07-03,71841063903,3.0,250354.0,59.57,3.78,1.49,0.12,0,0,0,0,-2.41,0,-3.9,-8.57,-14.629999999999999,0.0,0.0,35.45
2025-07-04,23983072191,1.0,98112.0,15.19,1.49,0.0,0.0,0,0,0,0,-0.76,0,-1.49,-2.16,-3.65,0.0,0.0,8.62
2025-07-05,23983072191,1.0,24651.0,11.39,0.6,0.0,0.0,0,0,0,0,0.0,0,-0.6,-1.71,-3.33,0.0,0.0,6.35
2025-07-06,71949216573,2.0,87246.0,31.33,2.42,0.0,0.0,0,0,0,0,0.0,0,-2.42,-4.699999999999999,-7.800000000000001,0.0,-17.81,1.0200000000000014
2025-07-07,47966144382,1.0,85339.0,15.19,1.31,0.0,0.0,0,0,0,0,-0.76,0,-1.31,-2.16,-3.65,0.0,-181.61,-172.99
2025-07-08,47966144382,2.0,109599.0,26.58,1.83,0.0,0.0,0,0,0,0,-0.57,0,-1.83,-3.9,-6.98,0.0,0.0,15.129999999999999
2025-07-09,95932288764,4.0,201402.0,106.56,7.08,0.0,0.0,0,0,0,0,-2.0,0,-7.08,-15.69,-19.62,0.0,0.0,69.25
2025-07-10,119915360955,5.0,316642.0,61.14,4.47,6.2,0.0,0,0,0,0,-6.2,0,-4.47,-9.07,-24.89,-0.35,0.0,26.830000000000002
2025-07-11,47966144382,2.0,65652.0,31.99,1.28,0.0,0.0,0,0,0,0,-1.6,0,-1.28,-4.56,-6.16,-0.6,0.0,19.07
2025-07-12,47966144382,2.0,112906.0,42.98,4.03,0.02,0.0,0,0,0,0,0.0,0,-4.03,-6.449999999999999,-9.51,0.0,0.0,27.04
2025-07-14,71949216573,3.0,55362.0,60.120000000000005,3.73,0.0,0.0,0,0,0,0,-0.6,0,-3.73,-8.93,-13.64,0.0,0.0,36.95
2025-07-15,71949216573,6.0,85623.0,88.74,5.45,0.0,0.0,0,0,0,0,-0.8,0,-5.45,-13.2,-21.58,0.0,0.0,53.16
2025-07-16,143898433146,4.0,233467.0,19.79,1.78,9.97,0.97,0,0,0,0,-0.19000000000000006,0,-2.75,-14.26,-17.27,0.0,0.0,-1.9600000000000009
2025-07-17,48065927062,2.0,130538.0,31.98,2.7199999999999998,0.0,0.0,0,0,0,0,-0.8,0,-2.7199999999999998,-4.68,-7.3,0.0,0.0,19.2
2025-07-18,24082854871,1.0,65804.0,31.99,2.03,0.0,0.0,0,0,0,0,0.0,0,-2.03,-4.8,-6.16,0.0,0.0,21.03
2025-07-19,24082854871,1.0,92620.0,15.99,0.0,0.0,0.0,0,0,0,0,0.0,0,0.0,-2.4,-4.15,0.0,0.0,9.44
2025-07-20,72248564613,2.0,60530.0,31.98,2.24,0.0,0.0,0,0,0,0,-1.6,0,-2.24,-4.56,-7.3,0.0,-8.1,10.42
2025-07-21,24082854871,1.0,18661.0,11.99,0.72,0.0,0.0,0,0,0,0,0.0,0,-0.72,-1.8,-3.33,0.0,0.0,6.86
2025-07-22,72248564613,3.0,193467.0,38.97,2.9,0.01,0.0,0,0,0,0,-0.61,0,-2.9,-5.76,-10.31,0.0,0.0,22.299999999999997
2025-07-23,72248564613,3.0,180532.0,27.98,1.9,0.0,0.0,0,0,0,0,-0.8,0,-1.9,-4.08,-18.43,0.0,0.0,4.670000000000002
2025-07-24,48165709742,2.0,71554.0,28.979999999999997,1.74,0.56,0.0,0,0,0,0,-0.56,0,-1.74,-4.35,-7.48,0.0,0.0,17.15
2025-07-25,96331419484,4.0,164028.0,60.97,4.7,0.0,0.0,0,0,0,0,-0.65,0,-4.7,-9.05,-13.05,0.0,4.93,43.15
2025-07-26,48165709742,2.0,91225.0,21.0,1.9000000000000001,0.0,0.0,0,0,0,0,0.0,0,-1.9000000000000001,-3.5100000000000002,-6.16,0.0,0.0,11.329999999999998
2025-07-27,120414274355,4.0,222608.0,62.959999999999994,3.9,0.6,0.0,0,0,0,0,-2.3,0,-3.9,-9.19,-15.780000000000001,-500.53,0.0,-464.23999999999995
2025-07-28,72248564613,3.0,110382.0,48.97,3.4299999999999997,0.0,0.0,0,0,0,0,0.0,0,-3.4299999999999997,-7.35,-11.45,0.0,0.0,30.169999999999998
2025-07-29,48165709742,2.0,49716.0,16.99,1.02,0.0,0.0,0,0,0,0,0.0,0,-1.02,-2.55,-4.15,0.0,9.94,20.229999999999997
2025-07-30,48165709742,2.0,13875.0,27.98,2.15,3.04,0.0,0,0,0,0,-3.04,0,-2.15,-4.2,-6.98,0.0,0.0,16.8
2025-07-31,96538282244,3.0,189127.0,26.98,0.93,0.0,0.0,0,0,0,0,0.0,0,-0.93,-4.05,-6.98,0.0,80.36,96.31
2025-08-01,24186286251,1.0,11704.0,-15.99,-1.4,-3.04,0.0,0,0,0,0,3.04,0,1.4,1.92,0.0,0.0,0.0,-14.07
2025-08-02,24186286251,0.0,0.0,0.0,0.0,0.0,0.0,0,0,0,0,0.0,0,0.0,0.0,0.0,-143.09,0.0,-143.09
2025-08-03,169304003757,7.0,426422.0,102.63,5.88,0.0,0.0,0,0,0,0,-1.65,0,-5.88,-15.16,-25.41,0.0,0.0,60.410000000000004
2025-08-04,120931431255,5.0,234740.0,82.94999999999999,5.21,0.0,0.0,0,0,0,0,-1.65,0,-5.21,-12.2,-21.490000000000002,0.0,0.0,47.61
2025-08-06,72558858753,2.0,45875.0,41.98,3.1,0.0,0.0,0,0,0,0,0.0,0,-3.1,-6.3,-9.7,0.0,-17.94,8.039999999999997
2025-08-07,48372572502,1.0,37407.0,11.99,1.11,0.0,0.0,0,0,0,0,0.0,0,-1.11,-1.8,-3.33,0.0,-180.05,-173.19
2025-08-09,48372572502,2.0,105075.0,115.97999999999999,1.1,0.0,0.0,0,0,0,0,-99.99,0,-1.1,-2.6999999999999997,-16.41,0.0,0.0,-3.120000000000001
2025-08-10,72558858753,3.0,118666.0,127.97,2.24,0.93,0.0,0,0,0,0,-101.52,0,-2.24,-4.41,-20.240000000000002,0.0,0.0,2.7299999999999986
2025-08-11,48372572502,2.0,21361.0,32.98,1.83,0.0,0.0,0,0,0,0,-0.6,0,-1.83,-4.859999999999999,-9.54,0.0,0.0,17.98
2025-08-12,120931431255,5.0,343943.0,198.95000000000002,13.920000000000002,0.0,0.0,0,0,0,0,-26.8,0,-13.920000000000002,-25.83,-29.92,0.0,0.0,116.39999999999999
2025-08-13,48372572502,2.0,123770.0,140.98000000000002,7.970000000000001,1.49,0.0,0,0,0,0,-27.49,0,-7.970000000000001,-17.25,-16.09,0.0,0.0,81.64
2025-08-14,121241213535,3.0,115688.0,44.97,2.85,0.89,0.0,0,0,0,0,-1.54,0,-2.85,-6.65,-10.54,-515.72,497.58,8.989999999999954
2025-08-15,121447735055,5.0,314300.0,159.97000000000003,8.37,0.0,0.0,0,0,0,0,-26.9,0,-8.37,-20.419999999999998,-24.39,0.0,0.0,88.25999999999999
2025-08-16,48579094022,2.0,159126.0,27.98,2.26,0.0,0.0,0,0,0,0,-0.6,0,-2.26,-4.109999999999999,-6.98,0.0,0.0,16.29
2025-08-17,72868641033,3.0,69597.0,38.97,1.6800000000000002,1.8,0.09,0,0,0,0,-0.29,0,-1.77,-5.85,-11.82,0.0,0.0,22.81
2025-08-18,97158188044,4.0,262750.0,28.98,1.1900000000000002,0.0,0.0,0,0,0,0,-0.20000000000000007,0,-1.1900000000000002,-4.66,-10.22,0.0,0.0,13.900000000000002
2025-08-19,72868641033,2.0,118677.0,20.99,1.4,0.0,0.0,0,0,0,0,-1.05,0,-1.4,-2.99,-17.55,0.0,-29.59,-30.189999999999998
2025-08-20,72868641033,3.0,159335.0,32.98,2.41,6.99,0.58,0,0,0,0,-0.8,0,-2.99,-4.83,-26.240000000000002,0.0,0.0,8.1
2025-08-21,72868641033,3.0,145523.0,15.99,0.79,0.0,0.0,0,0,0,0,-0.8,0,-0.79,-2.28,-26.549999999999997,0.0,0.0,-13.639999999999999
2025-08-22,97158188044,6.0,227679.0,85.0,7.02,0.0,0.0,0,0,0,0,-0.8,0,-7.02,-12.64,-33.42,0.0,0.0,38.14
2025-08-23,97158188044,4.0,134254.0,16.64,1.2999999999999998,0.0,0.0,0,0,0,0,-1.4,0,-1.2999999999999998,-2.55,-6.98,-0.35,0.0,5.359999999999999
2025-08-24,170026829077,6.0,344273.0,102.26,8.0,0.0,0.0,0,0,0,0,-2.3200000000000003,0,-8.0,-15.0,-45.19,-502.17,0.0,-462.42
2025-08-25,170026829077,13.0,514020.0,209.23,18.98,0.5,0.0,0,0,0,0,-0.5,0,-18.979999999999997,-31.4,-61.53,0.0,0.0,116.3
2025-08-26,170026829077,7.0,349178.0,60.57,3.8599999999999994,0.54,0.0,0,0,0,0,-2.9,0,-3.8599999999999994,-8.9,-16.97,-0.7,0.0,31.64
2025-08-27,48579094022,2.0,131465.0,25.98,2.11,0.0,0.0,0,0,0,0,0.0,0,-2.11,-3.9,-6.48,0.0,0.0,15.6
2025-08-28,218709424779,9.0,556600.0,241.09,15.23,2.99,0.0,0,0,0,0,-32.09,0,-15.23,-31.8,-67.81,0.0,0.0,112.38000000000001
2025-08-29,73179146073,3.0,151600.0,31.98,2.82,0.0,0.0,0,0,0,0,-1.6,0,-2.82,-4.56,-18.75,0.0,0.0,7.07
2025-08-30,48786097382,2.0,83818.0,-11.99,-0.84,0.0,0.0,0,0,0,0,0.0,0,0.84,1.44,-11.45,0.0,0.0,-22.0
2025-08-31,48786097382,2.0,155468.0,0.0,0.0,0.0,0.0,0,0,0,0,0.0,0,0.0,0.0,-22.9,0.0,0.0,-22.9
